srcbb_name,Name,Class,Ht,Wt,Immediately Eligible,January Eligible,Season,School,Conf,G,GS,MP,FG,FGA,FG%,2P,2PA,2P%,3P,3PA,3P%,FT,FTA,FT%,ORB,DRB,TRB,AST,STL,BLK,TOV,PF,PTS,SOS,PER,TS%,eFG%,3PAr,FTr,PProd,ORB%,DRB%,TRB%,AST%,STL%,BLK%,TOV%,USG%,OWS,DWS,WS,WS/40,OBPM,DBPM,BPM,ORtg,DRtg,3PT Rating,3PT Rating Log,D Adj,total_z
kani-acree,Kani Acree,RS SO,78,185,,,2021-22,Ball State,MAC,8.0,0.0,12.5,0.6,2.9,0.217,0.0,1.8,0.0,0.6,1.1,0.556,0.8,0.9,0.857,0.9,1.5,2.4,1.4,0.4,0.0,0.8,1.1,2.6,-4.56,8.9,0.399,0.326,0.391,0.304,29.0,7.9,13.4,10.6,18.9,1.7,0.0,18.6,15.9,0.0,0.1,0.1,0.042,-2.0,-0.6,-2.6,95.5,109.5,0.6689375000000002,-0.4020646462375424,-0.43835162923198695,1.38418902064152
kim-aikenjr,"Kim Aiken, Jr.",RS JR,79,215,Yes,,2021-22,Arizona,Pac-12,7.0,0.0,13.6,1.9,3.9,0.481,0.6,1.6,0.364,1.3,2.3,0.563,0.0,0.3,0.0,1.1,2.3,3.4,2.0,1.0,0.3,0.4,1.1,5.0,6.84,25.1,0.626,0.648,0.593,0.074,39.0,10.1,16.3,13.5,24.0,4.1,2.0,9.7,15.4,0.4,0.2,0.6,0.259,6.5,6.4,12.9,139.0,88.7,1.4989283613445377,0.4047504270141517,1.3831291667643755,4.316866318649279
dominique-alexander,Dominique Alexander,SR,70,160,,,2021-22,Chicago State,WAC,21.0,10.0,26.9,2.3,6.6,0.353,1.2,3.2,0.388,1.1,3.4,0.319,2.0,2.3,0.857,1.0,2.4,3.4,2.6,1.2,0.0,2.0,2.3,7.8,-1.96,12.6,0.502,0.435,0.518,0.353,177.0,4.2,10.8,7.4,20.8,2.8,0.2,20.6,18.4,0.5,0.2,0.8,0.054,-1.6,-1.0,-2.6,100.7,111.8,0.2307342981058595,-1.4664884551263686,0.6983025481393936,-1.1768831719444226
junior-ballard,Junior Ballard,JR,75,185,Yes,,2021-22,Fresno State,MWC,23.0,2.0,18.0,1.6,4.2,0.381,0.4,0.9,0.5,1.2,3.3,0.351,0.7,0.9,0.714,0.1,1.1,1.3,0.5,0.5,0.1,0.4,1.9,5.0,1.94,10.4,0.542,0.521,0.794,0.216,102.0,0.9,7.8,4.4,5.8,1.7,1.0,8.5,15.9,0.6,0.7,1.3,0.122,-0.3,2.2,1.8,109.5,98.3,0.3175532608695652,-1.1471097239476937,1.5446898957792898,1.647418916469282
timothy-barnes,Timothy Barnes,FR,75,180,,,2021-22,Kansas City,Summit,22.0,0.0,12.0,1.6,2.4,0.673,1.4,2.0,0.705,0.2,0.4,0.5,0.6,1.0,0.591,0.4,1.2,1.5,0.5,0.6,0.0,0.6,1.3,4.0,-5.23,16.3,0.697,0.712,0.154,0.423,81.0,3.7,12.7,8.0,8.2,2.8,0.5,18.3,15.2,0.6,0.5,1.0,0.156,-1.6,0.6,-1.0,119.5,97.1,0.08257575757575758,-2.4940391333512726,-1.031514138453286,-2.226173620978993
dmarco-baucum,D'Marco Baucum,RS SO,78,225,,,2021-22,Delaware State,MEAC,28.0,14.0,21.9,2.4,6.1,0.384,1.7,4.1,0.417,0.6,2.0,0.316,1.0,1.6,0.609,1.3,2.5,3.8,0.5,0.8,0.4,1.3,1.7,6.4,-7.39,10.5,0.459,0.436,0.331,0.267,174.0,6.5,12.3,9.5,4.7,2.1,2.2,15.7,18.5,0.0,0.6,0.6,0.041,-3.1,-2.3,-5.4,89.8,104.8,0.11999445531637314,-2.1203097429644977,-0.864485047226247,-0.6969913646525356
darius-beane,Darius Beane,JR,75,175,,,2021-22,Cal State Northridge,Big West,25.0,6.0,21.0,2.0,5.2,0.38,1.8,4.6,0.395,0.2,0.6,0.267,1.0,1.3,0.788,0.7,2.0,2.7,0.8,0.7,0.2,1.2,1.5,5.1,-1.41,8.8,0.442,0.395,0.116,0.256,128.0,3.8,11.9,7.6,8.2,2.1,0.9,17.2,17.7,-0.2,0.3,0.1,0.011,-3.8,-2.1,-6.0,86.3,109.7,0.035320285714285714,-3.3432978139731584,0.8493644402712641,-1.163317457388175
quinn-blair,Quinn Blair,JR,79,225,Yes,,2021-22,William & Mary,CAA,13.0,3.0,23.7,3.4,6.2,0.55,2.4,3.9,0.608,1.0,2.2,0.448,2.2,3.0,0.718,1.2,3.2,4.5,0.5,0.5,0.2,1.3,2.4,9.9,-1.88,18.1,0.655,0.631,0.363,0.488,113.0,5.8,15.9,10.7,5.5,1.3,1.1,14.7,18.9,0.8,0.2,1.0,0.129,1.2,-1.3,-0.2,118.4,107.5,0.3767576760791952,-0.9761530672193989,0.35911425981635847,1.9627384117465714
za-ontay-boothman,Za-Ontay Boothman,FR,73,175,,,2021-22,Houston Baptist,Southland,16.0,7.0,17.3,1.8,6.0,0.292,1.0,2.3,0.432,0.8,3.7,0.203,1.1,1.6,0.692,0.3,1.9,2.2,1.4,0.6,0.3,2.0,1.8,5.4,-6.71,4.2,0.397,0.354,0.615,0.271,88.0,2.1,13.3,7.5,14.6,1.8,1.6,22.8,24.3,-0.5,0.2,-0.2,-0.032,-5.7,-1.9,-7.5,75.6,107.1,0.30655896856936415,-1.182345148736342,-1.121305726902395,-1.7206293336776688
trey-boston,Trey Boston,SO,74,165,,,2021-22,Louisiana-Monroe,Sun Belt,9.0,1.0,19.0,3.8,8.1,0.466,2.6,4.2,0.605,1.2,3.9,0.314,1.2,1.6,0.786,0.6,1.7,2.2,1.9,0.8,0.1,1.7,1.7,10.0,-2.59,19.2,0.565,0.541,0.479,0.192,84.0,3.4,10.2,6.8,21.2,2.3,0.7,15.8,28.1,0.3,0.1,0.5,0.106,-0.5,-3.4,-4.0,104.4,107.7,0.8181903508771929,-0.20066026666662876,-0.00033067449288604056,0.6799802086111277
johnny-brown,Johnny Brown,SO,81,180,,,2021-22,Florida A&M,SWAC,19.0,3.0,18.3,2.5,4.9,0.505,1.3,1.9,0.667,1.2,3.0,0.404,0.4,0.5,0.7,0.7,1.4,2.2,0.7,0.3,0.4,0.6,1.5,6.5,-6.7,16.6,0.634,0.629,0.613,0.108,110.0,4.7,8.8,6.8,7.9,1.0,2.6,10.1,16.3,0.8,0.3,1.1,0.13,2.2,-1.7,0.5,121.6,106.5,0.3964184641932702,-0.9252848979106248,-1.0052998893629255,1.315434652430881
wynton-brown,Wynton Brown,FR,80,215,,,2021-22,Northern Arizona,Big Sky,22.0,0.0,10.6,0.9,1.8,0.475,0.7,1.3,0.536,0.2,0.5,0.333,0.5,1.0,0.455,0.5,1.4,2.0,0.5,0.4,0.0,0.8,1.4,2.4,-4.1,8.5,0.515,0.525,0.3,0.55,55.0,5.7,15.8,10.6,10.0,2.0,0.5,26.3,15.0,0.0,0.2,0.2,0.031,-6.0,-1.8,-7.8,89.9,107.6,0.07707407804459691,-2.5629882670771593,-0.2973550777170579,0.11185525739838653
antwuan-butler,Antwuan Butler,JR,72,205,,,2021-22,NJIT,AEC,23.0,21.0,32.4,2.7,7.2,0.376,1.7,4.0,0.409,1.0,3.1,0.333,1.3,1.9,0.705,0.6,3.3,4.0,2.7,1.3,0.0,1.4,2.7,7.8,-6.17,10.9,0.481,0.448,0.436,0.267,192.0,2.1,11.7,6.9,17.5,2.3,0.2,14.7,15.5,0.5,0.8,1.3,0.067,-4.0,-0.6,-4.6,98.4,104.9,0.17218852657004832,-1.7591653177213606,-0.16327075236591249,-1.6522553133276165
tyree-campbell,Tyree Campbell,FR,77,190,,,2021-22,California Baptist,WAC,27.0,0.0,9.0,0.8,1.6,0.477,0.7,1.0,0.643,0.1,0.6,0.188,0.5,0.6,0.765,0.5,1.0,1.5,0.6,0.2,0.1,0.2,0.9,2.1,-3.34,13.0,0.557,0.511,0.364,0.386,63.0,6.6,12.2,9.5,11.8,1.2,1.7,10.3,12.1,0.5,0.4,0.8,0.139,-0.6,0.4,-0.3,121.7,99.2,0.04955308641975308,-3.004710731149993,-0.45176891884774456,-1.4702039947376497
courtney-carter,Courtney Carter,RS JR,73,180,,,2021-22,SIU-Edwardsville,OVC,32.0,24.0,31.7,2.9,6.8,0.435,2.2,4.2,0.511,0.8,2.5,0.309,1.4,2.0,0.688,0.8,3.6,4.4,3.5,1.5,0.1,2.6,1.9,8.0,-4.71,11.9,0.522,0.493,0.375,0.296,280.0,2.9,13.1,7.8,21.7,2.7,0.5,25.2,16.0,0.5,1.4,1.9,0.075,-3.0,0.1,-3.0,96.4,101.5,0.09425885991719242,-2.3617104526457116,0.9689704881919707,-0.7663406289169226
marsei-caston,Marsei Caston,SO,75,173,,,2021-22,New Mexico State,WAC,2.0,0.0,9.0,1.0,3.0,0.333,0.5,1.5,0.333,0.5,1.5,0.333,0.0,0.0,,0.0,1.0,1.0,0.0,0.0,0.0,0.5,0.5,2.5,1.24,2.0,0.417,0.417,0.5,0.0,4.0,0.0,12.2,6.4,0.0,0.0,0.0,14.3,19.7,0.0,0.0,0.0,0.009,-6.2,-3.5,-9.8,76.7,102.0,2.9623125,1.0859702133190403,0.5017303843258949,2.7554052653890477
samkelo-cele,Samkelo Cele,JR,77,210,Yes,,2021-22,Marist,MAAC,30.0,27.0,21.7,3.5,7.6,0.454,2.5,4.6,0.54,1.0,3.0,0.322,0.8,1.0,0.767,0.4,3.1,3.5,0.6,0.6,0.1,0.8,1.8,8.7,-4.86,16.2,0.534,0.517,0.393,0.131,233.0,2.2,16.2,9.3,5.6,1.7,0.7,8.6,21.5,1.1,0.9,2.0,0.12,-0.3,-0.6,-0.9,107.6,102.1,0.17253709677419357,-1.7571430118680273,0.15630227648391437,0.3395485988019233
favour-chukwukelu,Favour Chukwukelu,SO,73,170,,,2021-22,Chicago State,WAC,30.0,12.0,17.0,1.2,3.1,0.398,0.4,0.7,0.545,0.8,2.4,0.352,0.4,0.7,0.65,0.5,0.8,1.3,0.7,0.6,0.0,0.7,0.8,3.7,-1.96,9.7,0.546,0.532,0.763,0.215,109.0,3.3,5.9,4.6,8.3,2.0,0.2,16.3,12.2,0.5,0.0,0.5,0.04,-1.2,-1.3,-2.5,107.3,115.8,0.18676705882352934,-1.6778931133657242,0.7087503269740631,-0.3678946803241856
kejuan-clements,Kejuan Clements,SO,74,185,,,2021-22,Eastern Illinois,OVC,27.0,25.0,31.8,2.9,7.9,0.363,2.2,4.9,0.444,0.7,2.9,0.228,1.9,3.2,0.593,0.3,3.6,3.9,4.5,1.0,0.3,2.8,2.4,8.3,-3.97,9.1,0.441,0.406,0.373,0.406,259.0,1.0,13.5,7.3,34.1,1.8,1.1,23.1,20.7,-0.5,0.6,0.1,0.004,-5.9,-2.4,-8.2,84.6,108.8,0.09537575122292102,-2.34993091289036,0.49765614177481615,-0.8922521025989538
kyle-colvin,Kyle Colvin,RS SO,78,210,,,2021-22,Cal Poly,Big West,24.0,9.0,22.2,2.1,5.0,0.413,1.4,3.0,0.458,0.7,2.0,0.347,1.8,2.3,0.8,0.7,2.7,3.4,0.3,0.3,0.0,1.0,0.9,6.7,-3.3,11.3,0.547,0.483,0.405,0.455,145.0,3.9,14.1,9.1,2.6,0.7,0.2,14.5,17.3,0.6,0.5,1.1,0.082,-0.6,-1.5,-2.1,103.6,105.5,0.15194275525525525,-1.884251439234073,0.25595000154530817,0.6508196157827764
omar-croskey,Omar Croskey,SO,78,195,,,2021-22,South Carolina State,MEAC,30.0,26.0,24.7,3.1,8.5,0.365,1.5,3.3,0.44,1.6,5.2,0.316,0.9,1.4,0.667,0.9,3.1,4.0,0.9,0.7,0.2,1.7,2.4,8.8,-8.39,9.6,0.478,0.461,0.608,0.165,237.0,3.5,13.8,8.2,6.9,1.6,0.9,15.4,19.7,0.3,1.1,1.4,0.076,-2.3,-1.1,-3.4,94.6,100.1,0.26283438596491226,-1.3362311563157483,-0.7425131314174491,0.18022023694361344
carlos-curtis,Carlos Curtis,JR,74,205,Yes,,2021-22,SIU-Edwardsville,OVC,2.0,0.0,13.0,1.5,4.5,0.333,1.0,2.0,0.5,0.5,2.5,0.2,2.0,3.0,0.667,1.0,1.5,2.5,2.5,0.0,0.0,2.5,1.0,5.5,-4.71,10.4,0.464,0.389,0.556,0.667,13.0,8.3,13.3,10.7,40.0,0.0,0.0,29.7,32.0,0.0,0.0,0.0,0.007,-0.7,-3.1,-3.8,86.3,107.6,2.110576923076923,0.7469613333738533,-0.8074222649399585,0.7856561030137477
peyton-daniels,Peyton Daniels,FR,74,175,,,2021-22,Vanderbilt,SEC,3.0,0.0,12.7,1.0,4.3,0.231,0.3,1.7,0.2,0.7,2.7,0.25,0.3,0.7,0.5,0.3,3.3,3.7,1.3,0.0,0.0,1.3,0.3,3.0,8.05,3.0,0.323,0.308,0.615,0.154,11.0,3.0,31.1,16.8,20.8,0.0,0.0,22.3,24.1,-0.1,0.1,0.0,-0.037,-5.9,-0.6,-6.5,68.1,99.0,1.9404035433070872,0.6628959634577,2.4517238662924132,3.9638288412187253
david-didenko,David Didenko,JR,81,230,,,2021-22,UT-Martin,OVC,22.0,7.0,14.0,1.3,4.1,0.308,0.3,0.9,0.3,1.0,3.2,0.31,0.5,0.6,0.714,0.7,1.9,2.6,0.8,0.2,0.1,1.1,1.1,4.0,-3.02,7.9,0.451,0.429,0.78,0.154,90.0,5.4,15.0,10.1,10.7,0.9,1.1,20.4,19.3,-0.1,0.2,0.2,0.021,-2.5,-2.6,-5.1,87.5,108.0,0.3558961038961039,-1.0331164337130312,0.05989824137247869,2.2767673586997708
devonaire-doutrive,Devonaire Doutrive,JR,77,185,,,2021-22,Boise State,MWC,7.0,6.0,28.3,3.6,9.4,0.379,2.6,5.1,0.5,1.0,4.3,0.233,1.0,2.3,0.438,1.9,2.7,4.6,1.7,0.7,0.3,1.6,1.4,9.1,5.22,12.2,0.435,0.432,0.455,0.242,67.0,7.9,12.3,10.1,12.8,1.6,1.1,13.0,22.8,0.1,0.4,0.5,0.092,1.2,2.1,3.3,94.1,96.4,0.6131010979303383,-0.4892254334300089,1.8755769627742955,3.2801060619075892
rip-economou,Rip Economou,JR,80,190,Yes,,2021-22,Seattle,WAC,13.0,1.0,12.1,1.9,3.9,0.49,0.4,0.8,0.5,1.5,3.2,0.488,0.1,0.2,0.333,0.4,1.0,1.4,0.3,0.2,0.3,0.4,1.3,5.5,-4.1,18.1,0.677,0.686,0.804,0.059,56.0,3.4,9.0,6.2,5.2,1.1,2.9,8.7,17.9,0.4,0.3,0.7,0.18,-1.1,-0.8,-2.0,125.2,97.4,1.0828450095359188,0.07959184562213228,-0.9950960027869874,1.959498695537682
yousef-elkugia,Yousef Elkugia,FR,79,210,,,2021-22,Eastern Washington,Big Sky,8.0,0.0,9.5,0.5,1.8,0.286,0.3,0.5,0.5,0.3,1.3,0.2,0.3,0.3,1.0,0.5,1.5,2.0,0.4,0.3,0.3,0.6,1.1,1.5,-5.14,5.4,0.401,0.357,0.714,0.143,14.0,6.2,17.3,12.0,6.5,1.5,3.0,25.1,13.0,-0.1,0.1,0.0,0.02,-6.4,-0.5,-6.9,79.8,103.7,0.3664802631578948,-1.0038106113349965,-1.1018971966039708,0.47508667298312635
jj-flores,J.J. Flores,JR,75,180,,,2021-22,Western Illinois,Summit,23.0,2.0,12.7,0.9,2.2,0.4,0.7,1.4,0.5,0.2,0.8,0.222,0.7,1.3,0.552,0.5,1.0,1.4,0.4,0.4,0.0,0.7,2.1,2.6,-5.51,5.8,0.47,0.44,0.36,0.58,63.0,3.9,9.0,6.3,5.6,1.9,0.3,19.0,13.0,0.0,0.2,0.2,0.034,-7.2,0.0,-7.2,92.2,108.3,0.0665923998630606,-2.7091648241178,-0.6605484368240802,-2.062421152647896
dominik-fragala,Dominik Fragala,RS JR,72,170,Yes,,2021-22,Delaware State,MEAC,25.0,12.0,26.2,3.8,9.9,0.389,1.6,3.6,0.456,2.2,6.3,0.35,2.6,3.1,0.833,0.4,1.9,2.3,1.0,0.8,0.0,1.4,1.4,12.5,-7.39,15.7,0.549,0.5,0.636,0.316,279.0,1.5,7.8,4.7,9.5,1.6,0.2,11.2,24.0,1.3,0.4,1.7,0.104,-0.2,-4.1,-4.3,108.3,109.2,0.40279122137404577,-0.9093369123820604,-0.8202559495792552,-1.4906693255212842
chris-freeman,Chris Freeman,RS SR,78,190,Yes,,2021-22,Jackson State,SWAC,4.0,3.0,16.3,1.0,3.3,0.308,0.8,1.8,0.429,0.3,1.5,0.167,0.5,0.8,0.667,1.8,0.8,2.5,0.0,0.3,0.0,0.5,2.3,2.8,-5.6,5.0,0.381,0.346,0.462,0.231,13.0,12.1,5.6,9.0,0.0,0.9,0.0,12.2,13.2,0.0,0.1,0.1,0.035,-5.4,-1.6,-7.0,90.0,106.6,0.43117120398773,-0.8412500427218291,-0.9947577464438229,0.4047510205404039
rakeim-gary,Rakeim Gary,SO,70,165,,,2021-22,South Carolina State,MEAC,29.0,0.0,15.4,1.8,6.2,0.287,0.4,2.3,0.176,1.4,3.9,0.354,0.9,1.3,0.676,0.3,0.7,1.0,1.8,0.6,0.0,1.0,1.6,5.8,-8.39,9.4,0.426,0.398,0.624,0.204,170.0,1.7,5.2,3.3,22.4,2.1,0.3,12.4,22.8,0.3,0.6,0.8,0.076,-2.7,-2.3,-5.0,96.2,102.6,0.3448408643081056,-1.064672231240278,-1.3497934120618083,-2.837941960311804
brock-gilbert,Brock Gilbert,JR,70,170,,,2021-22,Dixie State,WAC,31.0,14.0,14.3,0.8,2.2,0.358,0.4,0.8,0.5,0.4,1.4,0.279,0.3,0.6,0.556,0.4,1.4,1.8,2.8,0.7,0.0,1.6,1.0,2.3,-0.53,8.4,0.463,0.448,0.642,0.269,110.0,2.9,10.2,6.5,33.9,2.7,0.0,40.3,13.4,-0.2,0.6,0.4,0.038,-4.0,-0.9,-5.0,84.7,101.4,0.09756188811188811,-2.3272683524813043,0.9030199668520662,-1.8012856275405214
jordan-hairston,Jordan Hairston,SO,72,160,,,2021-22,UNC Asheville,Big South,12.0,0.0,10.1,1.2,2.9,0.4,0.5,0.8,0.6,0.7,2.1,0.32,0.3,0.5,0.667,0.1,1.0,1.1,0.5,0.3,0.0,0.4,0.8,3.3,-5.28,11.9,0.528,0.514,0.714,0.171,36.0,1.0,11.2,6.3,9.6,1.9,0.0,11.7,18.4,0.1,0.2,0.3,0.099,-8.0,-2.6,-10.7,104.4,102.3,0.5964554455445545,-0.5167507333695381,-1.0983806633943145,-1.3906474255522092
elijah-hardy,Elijah Hardy,JR,74,170,,,2021-22,Cal State Northridge,Big West,30.0,23.0,31.1,4.7,12.2,0.384,3.2,7.5,0.427,1.5,4.7,0.314,1.2,1.9,0.638,0.5,3.4,4.0,2.8,1.5,0.0,2.3,1.8,12.0,-1.41,13.9,0.46,0.444,0.384,0.159,356.0,1.9,13.8,7.5,22.1,2.9,0.1,14.9,26.3,0.1,0.8,0.9,0.038,-0.8,-2.0,-2.8,91.2,107.4,0.19507292068595924,-1.6343818380854127,1.4735353803217843,0.7728578682026764
brendan-harrick,Brendan Harrick,RS SO,77,190,Yes,,2021-22,Cal State Northridge,Big West,20.0,13.0,22.9,2.3,6.5,0.357,1.2,2.7,0.444,1.1,3.8,0.293,0.3,0.3,0.833,1.0,2.6,3.6,0.6,0.3,0.7,0.8,1.6,6.0,-1.41,10.2,0.451,0.442,0.581,0.047,114.0,4.8,13.9,9.1,5.2,0.8,3.6,10.2,17.0,0.1,0.2,0.4,0.033,-1.4,-2.2,-3.6,94.1,110.5,0.2848529366812227,-1.255782243538145,0.7532443732516334,1.41941110123708
deshaun-highler,Deshaun Highler,RS JR,74,180,,,2021-22,Sacramento State,Big Sky,13.0,3.0,22.4,1.8,5.6,0.315,1.5,4.0,0.385,0.2,1.6,0.143,0.8,1.5,0.5,0.6,1.5,2.1,1.5,0.8,0.1,1.2,2.2,4.5,-5.36,4.5,0.358,0.336,0.288,0.274,66.0,3.2,8.1,5.6,12.6,2.1,0.4,16.2,18.3,-0.4,0.2,-0.2,-0.024,-7.2,-1.7,-8.9,75.5,108.7,0.09177142857142856,-2.3884542654048984,-0.5818404513065893,-2.008855135192894
hakon-hjalmarsson,Hákon Hjálmarsson,SO,75,175,,,2021-22,Binghamton,AEC,22.0,5.0,11.3,1.6,3.8,0.417,1.1,1.9,0.571,0.5,1.9,0.262,0.3,0.4,0.75,0.2,1.2,1.4,1.0,0.3,0.0,1.3,1.2,4.0,-6.18,8.4,0.495,0.482,0.5,0.095,86.0,1.8,11.5,6.8,16.9,1.4,0.0,24.2,24.2,-0.1,0.3,0.1,0.02,-7.2,-3.0,-10.3,85.5,104.8,0.21721180611423976,-1.5268823364408417,-0.9931247164040415,-1.2562000339703314
dajion-humphrey,DáJion Humphrey,FR,76,185,,,2021-22,Holy Cross,Patriot,29.0,5.0,18.5,1.9,5.0,0.386,0.8,1.7,0.469,1.1,3.3,0.344,1.2,1.5,0.818,0.3,1.1,1.4,0.4,0.4,0.3,0.5,1.7,6.2,-7.87,12.5,0.546,0.5,0.662,0.303,162.0,1.9,7.0,4.3,4.9,1.4,1.6,7.8,17.2,0.9,0.4,1.3,0.096,-1.5,-2.2,-3.7,112.8,108.9,0.24095228331780055,-1.423156359626935,-0.9893572721450359,-0.8184651273855444
caleb-hunter,Caleb Hunter,SO,71,175,,,2021-22,Mississippi Valley State,SWAC,25.0,25.0,34.7,4.9,14.9,0.327,2.3,6.3,0.363,2.6,8.6,0.301,1.7,2.7,0.627,0.7,2.2,2.9,2.0,1.4,0.1,2.1,2.1,14.0,-6.4,9.6,0.434,0.414,0.579,0.18,329.0,2.1,7.8,4.6,13.3,2.2,0.2,11.4,25.6,-0.4,0.1,-0.3,-0.015,-2.2,-4.3,-6.5,86.2,115.0,0.3760556945244956,-0.9780180228261192,-0.5249589404792989,-1.5955838844830559
noah-hutchins,Noah Hutchins,FR,73,195,,,2021-22,Rice,CUSA,9.0,0.0,9.1,0.7,2.2,0.3,0.6,1.9,0.294,0.1,0.3,0.333,0.1,0.3,0.333,0.1,0.6,0.7,1.3,0.2,0.0,0.8,1.6,1.6,-1.19,1.2,0.327,0.325,0.15,0.15,20.0,1.5,6.7,4.2,25.5,1.4,0.0,24.6,18.0,-0.1,0.0,-0.1,-0.037,-10.0,-2.0,-12.0,74.2,110.3,0.130303021978022,-2.037892602656564,0.47488074905783834,-0.9485227411339368
donovan-ivory,Donovan Ivory,SO,78,190,,,2021-22,Green Bay,Horizon,15.0,9.0,26.5,3.5,9.1,0.38,2.0,4.5,0.448,1.5,4.7,0.314,3.5,3.9,0.881,0.4,3.8,4.2,1.8,0.5,1.0,2.6,2.1,11.9,-5.44,16.2,0.539,0.46,0.511,0.431,167.0,1.8,19.6,10.2,16.0,1.1,4.3,19.1,27.8,0.4,0.4,0.8,0.077,-0.6,-1.0,-1.6,98.0,106.2,0.4450604402515724,-0.8095451852486549,-0.4895691735044757,0.9404783264635401
wade-jackson,Wade Jackson,FR,75,183,,,2021-22,Loyola (MD),Patriot,27.0,0.0,13.0,0.9,2.7,0.311,0.5,1.3,0.361,0.4,1.4,0.263,0.5,0.8,0.619,0.2,0.7,0.9,0.6,0.4,0.1,0.4,1.0,2.6,-7.95,5.2,0.411,0.378,0.514,0.284,69.0,1.7,6.7,4.2,8.2,1.7,0.7,12.5,14.5,-0.1,0.4,0.3,0.034,-5.9,-1.2,-7.0,85.4,103.6,0.11512806267806265,-2.1617101816937447,-1.4609206353177233,-2.3354744329010244
miles-james,Miles James,JR,78,210,,,2021-22,Cal State Northridge,Big West,25.0,14.0,18.9,1.6,4.4,0.369,1.2,2.9,0.425,0.4,1.5,0.263,0.3,0.6,0.467,0.6,2.1,2.7,0.8,0.6,0.1,0.9,2.6,4.0,-1.41,6.4,0.419,0.414,0.342,0.135,101.0,3.8,13.7,8.4,9.0,1.8,0.8,15.7,15.7,-0.2,0.3,0.1,0.007,-6.0,-1.6,-7.6,84.4,109.4,0.09532706349206352,-2.3504415265589427,0.8240284511620231,0.7698547410902928
dj-johnson,D.J. Johnson,SO,75,165,,,2021-22,Kent State,MAC,12.0,2.0,13.5,1.6,4.1,0.388,0.7,0.7,1.0,0.9,3.4,0.268,0.1,0.3,0.333,0.5,2.1,2.6,0.3,0.0,0.4,0.5,0.6,4.2,-3.07,11.4,0.496,0.5,0.837,0.061,44.0,4.4,18.0,11.3,3.6,0.0,4.1,10.6,17.9,0.1,0.2,0.4,0.089,-0.4,-1.2,-1.6,100.3,101.0,0.6194191358024692,-0.478973117825205,-0.5462503934115412,0.20004075110549413
isaac-kante,Isaac Kante,RS JR,80,240,Yes,,2021-22,LIU,NEC,30.0,30.0,28.3,5.0,9.3,0.536,4.9,8.6,0.564,0.1,0.7,0.19,1.9,3.1,0.606,2.6,4.9,7.5,1.0,0.7,0.3,2.3,2.2,12.0,-7.03,16.3,0.556,0.543,0.075,0.336,334.0,9.5,18.0,13.7,6.9,1.3,1.3,17.5,21.8,1.0,1.2,2.2,0.103,-1.9,-2.6,-4.5,101.8,101.5,0.018990488810365136,-3.9638170140803144,-0.05326069946985279,-0.9933557538185083
zach-kent,Zach Kent,RS JR,82,230,,,2021-22,Delaware State,MEAC,18.0,10.0,17.8,2.1,6.3,0.327,1.4,3.8,0.362,0.7,2.4,0.273,0.5,1.2,0.429,0.6,2.4,3.1,0.4,0.4,0.2,1.3,1.6,5.3,-7.39,4.5,0.386,0.381,0.389,0.186,89.0,3.8,14.5,9.3,4.9,1.2,1.2,16.3,22.6,-0.5,0.3,-0.2,-0.03,-6.6,-3.8,-10.4,73.9,106.1,0.23179438202247188,-1.4619045846839436,-1.2457438750190235,0.8921647795589858
cameron-kimble,Cameron Kimble,FR,77,180,,,2021-22,Western Michigan,MAC,15.0,0.0,11.7,0.6,1.7,0.346,0.4,0.8,0.5,0.2,0.9,0.214,0.9,1.5,0.565,0.2,0.5,0.7,0.4,0.5,0.0,0.6,1.1,2.3,-2.3,6.1,0.46,0.404,0.538,0.885,35.0,2.0,5.3,3.7,6.5,2.7,0.0,19.6,13.9,0.0,0.0,0.0,-0.001,-5.9,-1.1,-7.0,87.7,114.4,0.11937358974358973,-2.1254972939172885,0.4886819332658888,0.31712227443556273
james-lee,James Lee,SO,75,180,,,2021-22,NJIT,AEC,19.0,17.0,29.5,3.3,6.9,0.481,3.1,5.6,0.551,0.2,1.3,0.167,1.1,1.7,0.606,1.1,4.6,5.7,2.2,1.9,0.7,2.3,2.5,7.9,-6.17,14.6,0.511,0.496,0.183,0.252,159.0,4.2,17.8,11.0,16.8,3.8,2.7,23.1,18.1,0.1,1.0,1.0,0.074,-3.8,1.3,-2.5,91.3,97.6,0.04730301070472792,-3.0511813342471585,-0.4524144114022375,-2.183724056180087
jakevan-leftridge,Jakevan Leftridge,SO,79,180,,,2021-22,Troy,Sun Belt,18.0,9.0,11.1,0.8,1.9,0.412,0.7,1.1,0.632,0.1,0.8,0.133,0.3,0.4,0.75,0.6,0.9,1.4,1.3,0.6,0.2,0.8,1.2,2.0,-3.52,10.6,0.476,0.441,0.441,0.235,48.0,5.7,9.2,7.5,22.9,3.2,1.7,28.4,13.2,0.1,0.4,0.5,0.094,-3.5,2.7,-0.9,95.0,95.0,0.057686586586586604,-2.852730600663073,-0.8603847664233255,-1.0643164524495803
chris-lester,Chris Lester,RS SR,79,230,Yes,,2021-22,New Hampshire,AEC,26.0,5.0,9.5,0.7,1.6,0.405,0.3,0.7,0.5,0.3,0.9,0.333,0.3,0.4,0.727,0.6,0.4,1.0,0.2,0.2,0.2,0.4,0.8,1.9,-7.21,9.8,0.529,0.5,0.571,0.262,54.0,7.5,4.9,6.2,4.3,1.5,2.4,17.5,12.6,0.3,0.2,0.5,0.078,-2.1,-1.5,-3.5,106.3,106.2,0.1299812246963563,-2.0403652643695525,-1.3470692499140138,-0.768514904853562
andrew-lewis,Andrew Lewis,SR,75,180,Yes,,2021-22,Chicago State,WAC,6.0,1.0,9.5,0.8,3.2,0.263,0.7,2.0,0.333,0.2,1.2,0.143,0.8,1.2,0.714,0.3,1.0,1.3,0.3,0.3,0.2,0.7,0.7,2.7,-1.96,5.6,0.358,0.289,0.368,0.368,16.0,3.9,12.6,8.1,7.6,2.1,2.0,15.2,23.5,-0.1,0.0,-0.1,-0.043,-5.3,-1.0,-6.3,76.3,111.7,0.3225026315789474,-1.1316439828448814,0.36249180914776574,0.48011773130892255
gerald-liddell,Gerald Liddell,JR,80,203,,,2021-22,Alabama State,SWAC,26.0,20.0,27.9,3.5,8.2,0.432,2.9,6.4,0.452,0.7,1.8,0.362,2.4,3.7,0.656,1.5,4.1,5.6,1.6,0.9,1.0,2.0,3.3,10.2,-5.45,14.4,0.51,0.472,0.221,0.451,262.0,6.1,16.6,11.4,11.9,1.9,3.9,17.0,21.0,0.7,0.8,1.4,0.079,-1.4,-0.9,-2.3,99.1,104.4,0.10862245657568237,-2.2198771103940023,0.010150599303494823,0.7498522481418168
dom-london,Dom London,JR,73,170,,,2021-22,Maryland-Eastern Shore,MEAC,21.0,19.0,29.6,3.3,8.0,0.413,1.7,3.2,0.515,1.6,4.7,0.343,2.3,3.1,0.742,0.8,2.6,3.4,2.0,1.2,0.2,1.2,1.3,10.5,-7.14,15.8,0.557,0.515,0.593,0.395,212.0,3.0,10.7,6.7,14.8,2.3,0.8,11.6,17.8,1.2,1.1,2.3,0.148,0.4,-0.4,0.0,114.2,98.0,0.3169218468468469,-1.149100075416127,-0.5454761659723985,-1.1127774740191076
carlo-marble,Carlo Marble,RS SR,77,200,Yes,,2021-22,Chicago State,WAC,7.0,0.0,9.3,0.6,2.6,0.222,0.3,0.9,0.333,0.3,1.7,0.167,0.1,0.6,0.25,0.9,0.4,1.3,0.1,0.3,0.3,0.4,0.7,1.6,-1.96,3.2,0.276,0.278,0.667,0.222,13.0,10.4,5.5,8.0,3.2,1.8,3.5,13.1,17.9,-0.1,0.0,-0.1,-0.069,-4.3,-3.0,-7.3,68.2,114.7,0.4665161674347157,-0.7624626024148549,0.6158517002401789,1.7571934643748885
aleksa-matic,Aleksa Matić,JR,76,210,,,2021-22,North Alabama,A-Sun,20.0,0.0,9.0,0.8,2.1,0.39,0.3,0.5,0.6,0.5,1.6,0.323,0.2,0.3,0.8,0.7,1.4,2.1,0.5,0.4,0.2,0.4,0.9,2.3,-3.21,14.3,0.53,0.512,0.756,0.122,50.0,7.9,17.3,12.3,9.4,2.2,2.4,15.6,14.1,0.2,0.3,0.6,0.132,-3.5,-0.5,-4.0,109.3,95.5,0.3064911111111111,-1.1825665252952213,-0.8889923780281822,-0.48635944353365185
camron-mcneil,Camron McNeil,SO,77,185,,,2021-22,Radford,Big South,25.0,3.0,15.4,1.7,4.9,0.35,1.2,2.8,0.414,0.6,2.1,0.264,0.5,0.7,0.706,0.1,1.6,1.7,0.7,0.5,0.0,1.1,0.8,4.5,-3.9,6.6,0.427,0.407,0.431,0.138,104.0,0.9,13.2,6.7,9.7,2.1,0.0,17.6,21.8,-0.4,0.4,0.1,0.005,-6.0,-1.3,-7.3,80.2,104.0,0.160632,-1.8286392445156863,-0.21411931546584698,-0.09973954963752155
sebastian-mendoza,Sebastian Mendoza,FR,75,195,,,2021-22,San Jose State,MWC,2.0,0.0,12.0,1.0,4.5,0.222,0.0,1.5,0.0,1.0,3.0,0.333,0.0,0.0,,1.0,1.5,2.5,3.5,1.0,0.0,1.0,0.5,3.0,3.79,17.8,0.333,0.333,0.667,0.0,11.0,9.8,15.1,12.4,57.6,5.0,0.0,18.2,24.7,0.0,0.0,0.0,0.069,-20.1,-4.5,-24.5,93.7,103.0,4.5371250000000005,1.5122935515476146,1.349937015344567,4.014254795589204
corbin-merritt,Corbin Merritt,RS JR,80,240,Yes,,2021-22,Austin Peay,OVC,13.0,1.0,11.0,1.2,3.2,0.366,0.6,1.3,0.471,0.5,1.8,0.292,0.8,1.1,0.714,0.5,1.8,2.3,0.2,0.2,0.6,0.5,2.0,3.6,-3.39,11.8,0.493,0.451,0.585,0.341,43.0,5.6,20.5,12.6,4.5,0.8,6.8,12.8,19.9,0.1,0.2,0.3,0.086,-3.6,-0.5,-4.1,98.2,101.0,0.39787552447552454,-0.9216160751890442,-0.6420939490492346,1.3481178820514634
madison-monroe,Madison Monroe,SO,75,193,,,2021-22,Western Carolina,Southern,23.0,0.0,9.1,0.9,2.3,0.377,0.6,1.5,0.412,0.3,0.8,0.316,0.7,1.0,0.696,0.7,0.9,1.7,0.1,0.2,0.0,0.5,0.9,2.7,-1.9,9.9,0.485,0.434,0.358,0.434,62.0,8.4,11.2,9.8,2.8,1.1,0.0,14.7,17.7,0.2,0.0,0.2,0.033,-4.6,-3.1,-7.7,98.8,114.7,0.1290270425226947,-2.0477332646313,0.6338223669222462,-0.13094665590120824
jamir-moore,Jamir Moore,RS SO,77,200,Yes,,2021-22,Charleston Southern,Big South,21.0,4.0,9.4,0.9,2.0,0.429,0.1,0.2,0.4,0.8,1.8,0.432,0.2,0.5,0.455,0.5,1.1,1.6,0.4,0.1,0.0,0.3,0.9,2.7,-4.21,12.6,0.603,0.619,0.881,0.262,55.0,5.9,13.7,9.6,8.0,0.9,0.6,12.9,13.5,0.4,0.1,0.4,0.091,-0.1,-2.6,-2.7,118.0,110.8,0.4216924012158055,-0.8634791377995972,-0.2237334541132147,0.8203072259944717
tj-moss,T.J. Moss,RS SO,76,180,,,2021-22,McNeese State,Southland,9.0,0.0,23.2,2.8,7.8,0.357,1.1,2.7,0.417,1.7,5.1,0.326,0.6,1.2,0.455,0.3,2.0,2.3,1.8,0.9,0.2,2.8,2.1,7.8,-5.04,6.3,0.465,0.464,0.657,0.157,68.0,1.5,9.6,5.5,13.4,2.1,1.0,24.9,21.8,-0.2,0.2,0.1,0.01,-2.6,-1.6,-4.2,82.9,105.5,0.934814367816092,-0.0674073064996369,-0.7562474461674704,0.7205284535185562
ryan-myers,Ryan Myers,FR,73,185,,,2021-22,Iona,MAAC,33.0,1.0,15.7,1.8,5.2,0.353,0.9,2.4,0.363,1.0,2.8,0.344,0.7,1.1,0.639,0.2,1.3,1.5,1.0,0.3,0.1,0.9,1.5,5.4,-1.14,8.2,0.466,0.445,0.538,0.208,162.0,1.5,9.2,5.4,11.5,1.2,0.8,13.6,20.9,0.2,0.6,0.8,0.06,-2.6,-0.9,-3.4,93.2,103.2,0.2078009650646593,-1.5711745561282788,0.8723341235731611,-0.1015175017757424
zach-newkirk,Zach Newkirk,JR,73,185,Yes,,2021-22,Central Connecticut,NEC,18.0,7.0,15.7,1.0,4.5,0.222,0.6,2.4,0.256,0.4,2.1,0.184,0.7,1.1,0.632,0.2,0.7,0.9,0.7,0.5,0.0,0.8,1.5,3.1,-7.09,0.1,0.305,0.265,0.469,0.235,56.0,1.6,5.2,3.3,9.0,1.9,0.0,13.5,19.5,-0.6,0.1,-0.5,-0.074,-9.0,-3.1,-12.1,66.0,112.9,0.1528303609341826,-1.8784267247741568,-0.9089735310877634,-2.178776398132224
aj-oliverii,A.J. Oliver II,RS JR,77,200,Yes,,2021-22,Old Dominion,CUSA,32.0,11.0,17.6,0.8,2.8,0.303,0.5,1.0,0.485,0.3,1.8,0.196,0.5,0.9,0.607,0.5,1.5,2.0,1.0,0.5,0.1,0.8,1.9,2.6,-0.09,4.9,0.401,0.365,0.629,0.315,92.0,3.0,9.6,6.3,10.1,1.6,0.9,19.6,11.7,-0.2,0.5,0.4,0.025,-4.9,0.7,-4.2,84.7,106.0,0.07091079545454546,-2.646332593924251,1.2596073175513198,0.5863690068329606
jay-pal,Jay Pal,SO,81,190,,,2021-22,Jacksonville State,A-Sun,28.0,1.0,11.5,1.0,2.0,0.509,0.9,1.3,0.694,0.1,0.8,0.19,0.6,1.1,0.563,0.7,1.8,2.5,0.6,0.5,0.4,0.5,0.5,2.9,-3.79,17.0,0.554,0.544,0.368,0.561,88.0,7.7,17.3,12.8,10.0,2.4,4.6,15.3,13.8,0.5,0.6,1.1,0.142,0.8,2.5,3.3,114.7,96.6,0.05127639751552795,-2.970524720094713,-0.4787620819547948,-0.12804216237902577
jeremiah-pope,Jeremiah Pope,RS JR,76,180,Yes,,2021-22,Rider,MAAC,27.0,0.0,11.7,1.2,3.2,0.368,0.7,1.7,0.422,0.5,1.6,0.31,0.3,0.3,1.0,0.2,0.9,1.1,0.3,0.3,0.1,0.5,0.5,3.1,-3.56,8.0,0.468,0.443,0.483,0.092,76.0,2.1,8.8,5.4,5.5,1.3,0.8,13.4,16.7,0.0,0.3,0.3,0.04,-2.6,-1.2,-3.8,91.4,106.3,0.17078949034504592,-1.7673235314585052,-0.08172565907422227,-0.2423420022883208
asanti-price,Asanti Price,SO,77,170,,,2021-22,North Carolina Central,MEAC,14.0,0.0,15.6,2.5,6.0,0.417,1.8,2.9,0.61,0.7,3.1,0.233,0.0,0.1,0.0,0.6,1.1,1.7,0.7,1.1,0.1,0.7,0.8,5.7,-7.47,14.5,0.474,0.476,0.512,0.012,74.0,4.8,8.1,6.4,9.4,3.9,1.2,10.6,20.8,0.2,0.4,0.6,0.11,-1.3,-1.0,-2.3,99.5,96.1,0.36941808608058607,-0.9958262517209309,-1.9505550295922163,-1.0339936537721597
sean-price,Sean Price,RS JR,76,210,Yes,,2021-22,Charleston Southern,Big South,20.0,11.0,20.4,2.3,4.2,0.542,2.1,3.7,0.575,0.2,0.5,0.3,1.4,2.3,0.587,1.3,3.0,4.3,1.9,1.1,0.3,2.4,2.2,6.0,-4.21,13.4,0.572,0.56,0.12,0.554,132.0,6.5,17.2,11.6,18.6,3.0,1.3,31.4,18.4,0.1,0.5,0.6,0.055,-4.7,-1.6,-6.3,92.7,104.2,0.04238970588235294,-3.1608497320150297,-0.12639439593942725,-1.6292821743970758
gabe-quinnett,Gabe Quinnett,SO,76,200,,,2021-22,Idaho,Big Sky,24.0,6.0,17.2,1.2,3.6,0.322,0.2,0.6,0.286,1.0,3.0,0.329,0.1,0.1,1.0,0.1,0.8,0.9,0.6,0.2,0.0,0.5,1.0,3.5,-4.78,4.5,0.469,0.46,0.839,0.034,78.0,0.6,5.3,2.9,6.1,0.5,0.0,11.9,12.3,0.0,0.0,0.0,0.001,-3.0,-3.2,-6.2,92.2,116.9,0.2699425872093023,-1.3095459825603921,-0.042972380349222516,0.23735148074453521
yahuza-rasas,Yahuza Rasas,JR,79,200,Yes,,2021-22,Texas Southern,SWAC,30.0,12.0,17.4,1.7,3.8,0.452,1.7,3.4,0.49,0.1,0.4,0.154,0.9,1.5,0.636,1.4,3.1,4.6,0.6,0.3,0.4,1.0,1.7,4.5,-6.24,12.1,0.493,0.461,0.113,0.383,142.0,9.2,18.9,14.2,6.2,1.0,2.2,18.6,15.6,0.3,1.0,1.4,0.104,-2.6,0.2,-2.4,98.5,95.2,0.013340766283524907,-4.316930797601323,-0.6760681020719127,-2.2903457859296408
avery-richardson,Avery Richardson,FR,69,160,,,2021-22,Delaware State,MEAC,17.0,0.0,11.1,0.9,2.5,0.381,0.5,1.1,0.5,0.4,1.4,0.292,0.4,0.8,0.462,0.2,0.9,1.1,0.8,0.4,0.0,0.5,0.6,2.6,-7.39,9.0,0.467,0.464,0.571,0.31,47.0,1.8,8.4,5.2,15.5,1.8,0.0,14.2,14.6,0.1,0.1,0.2,0.045,-4.6,-4.1,-8.7,96.4,108.6,0.23467546369899311,-1.4495517248411738,-1.3619760417305604,-3.5549045668831925
alex-rivera,Alex Rivera,RS SO,73,185,Yes,,2021-22,LIU,NEC,26.0,8.0,25.7,2.3,6.0,0.387,0.7,1.6,0.429,1.6,4.3,0.372,0.8,1.5,0.553,0.5,3.2,3.7,2.5,0.7,0.3,1.2,2.3,7.0,-7.03,11.1,0.529,0.523,0.729,0.245,184.0,1.9,13.0,7.5,17.0,1.5,1.2,15.6,14.5,0.7,0.8,1.5,0.091,-1.8,-0.6,-2.4,105.8,103.5,0.28553171206225686,-1.253402180529959,-0.5390849239853397,-1.2068520404783885
cj-roberts,C.J. Roberts,RS JR,73,190,Yes,,2021-22,Lamar,WAC,27.0,20.0,28.7,4.7,12.0,0.394,3.6,8.3,0.435,1.1,3.8,0.304,2.9,4.0,0.72,0.4,2.0,2.4,2.4,1.1,0.2,2.7,2.7,13.5,-2.6,13.2,0.484,0.442,0.314,0.329,343.0,1.7,8.0,4.7,20.3,2.2,1.0,16.5,29.5,0.3,0.4,0.7,0.035,-1.5,-2.6,-4.1,93.1,111.1,0.18116618918570138,-1.7083404966819606,0.774863538230992,-0.3311089785801556
micah-schnyders,Micah Schnyders,FR,76,185,,,2021-22,Eastern Illinois,OVC,27.0,2.0,13.1,0.7,2.7,0.26,0.5,1.9,0.269,0.2,0.8,0.238,0.8,1.0,0.778,0.1,0.9,1.0,0.3,0.2,0.0,0.6,0.4,2.4,-3.97,2.3,0.373,0.295,0.288,0.37,62.0,1.4,7.7,4.6,4.4,0.8,0.0,14.9,15.3,-0.4,0.0,-0.4,-0.044,-6.7,-3.2,-10.0,72.4,114.4,0.059119819055696916,-2.828189062974464,-0.011501622718322502,-1.1939641996233663
caleb-simmons,Caleb Simmons,RS JR,78,205,Yes,,2021-22,San Jose State,MWC,23.0,6.0,12.4,1.0,2.7,0.361,0.6,1.1,0.52,0.4,1.6,0.25,0.3,0.5,0.583,0.5,0.9,1.3,0.3,0.3,0.1,0.6,1.1,2.6,3.79,5.9,0.45,0.434,0.59,0.197,61.0,4.6,8.5,6.5,5.5,1.3,1.1,17.3,15.3,-0.1,0.1,0.0,-0.002,-4.8,-2.1,-6.9,85.5,113.0,0.1532959326788219,-1.875385025231803,2.3581526902968846,2.7615626062836403
casey-simmons,Casey Simmons,FR,79,170,,,2021-22,Northwestern,Big Ten,27.0,7.0,11.6,1.0,2.3,0.413,0.8,1.7,0.468,0.1,0.6,0.25,0.4,0.8,0.545,0.7,0.9,1.5,0.5,0.4,0.1,0.6,1.1,2.5,7.11,8.4,0.463,0.444,0.254,0.349,74.0,6.3,8.7,7.4,7.3,2.2,0.8,17.9,14.7,0.0,0.4,0.4,0.053,-3.1,1.3,-1.7,92.2,103.5,0.05205938697318007,-2.9553701548753657,3.0412713721781315,2.7384752789449855
tk-smith,TK Smith,RS JR,77,185,Yes,,2021-22,Troy,Sun Belt,22.0,1.0,11.8,1.2,3.7,0.321,0.5,1.4,0.333,0.7,2.3,0.314,1.0,1.5,0.688,0.4,0.9,1.3,0.9,0.5,0.2,1.0,1.0,4.1,-3.52,10.8,0.468,0.42,0.63,0.395,90.0,4.0,8.3,6.1,14.7,2.7,2.2,17.9,22.5,0.1,0.5,0.6,0.086,-0.3,0.3,-0.1,92.9,96.4,0.30281768104776574,-1.1946243672881582,-0.578467445935925,0.14660773335652483
treshon-smoots,Tre'Shon Smoots,RS SO,73,190,Yes,,2021-22,Northern Colorado,Big Sky,10.0,0.0,9.1,0.6,2.1,0.286,0.0,0.0,,0.6,2.1,0.286,0.4,0.4,1.0,0.2,0.5,0.7,0.9,0.1,0.1,0.6,0.8,2.2,-3.67,7.2,0.48,0.429,1.0,0.19,26.0,2.7,6.4,4.6,16.0,0.6,1.1,20.8,16.3,0.1,0.0,0.1,0.033,-6.1,-2.9,-9.0,97.4,113.5,0.705045,-0.3494936484196685,0.0023437433642905098,0.2052388377719232
john-stansbury,John Stansbury,RS JR,75,195,Yes,,2021-22,Delaware State,MEAC,13.0,11.0,28.1,3.4,7.5,0.449,1.9,3.9,0.49,1.5,3.6,0.404,2.5,3.9,0.647,0.6,2.9,3.5,1.4,1.3,0.2,3.5,2.8,10.8,-7.39,11.4,0.573,0.546,0.48,0.52,130.0,2.4,11.0,6.8,11.2,2.6,1.0,26.9,22.6,0.0,0.4,0.4,0.045,-3.0,-2.0,-5.0,90.5,104.6,0.48204620859567493,-0.7297153010708664,-1.208741115920956,-0.7039697003095152
artese-stapleton,Artese Stapleton,SO,74,165,,,2021-22,Radford,Big South,27.0,10.0,20.7,2.6,5.4,0.476,2.2,4.4,0.5,0.3,0.9,0.36,1.5,2.1,0.732,1.0,1.5,2.6,2.2,1.1,0.0,2.6,1.8,7.0,-3.9,13.4,0.548,0.507,0.172,0.386,203.0,5.8,9.5,7.5,23.8,3.2,0.0,29.3,22.9,0.1,0.7,0.8,0.06,-2.0,0.1,-2.0,92.1,102.5,0.06697101449275364,-2.70349537270913,0.1502488529207683,-1.5802195292835792
samir-stewart,Samir Stewart,JR,72,180,Yes,,2021-22,Manhattan,MAAC,16.0,7.0,24.4,2.4,5.5,0.432,0.6,1.1,0.588,1.8,4.4,0.394,1.3,1.4,0.909,0.3,1.5,1.8,0.9,1.1,0.1,1.3,1.9,7.8,-3.85,12.6,0.63,0.591,0.807,0.25,110.0,1.5,7.4,4.5,7.1,2.7,0.3,17.6,15.4,0.6,0.3,1.0,0.099,-0.2,-0.6,-0.9,112.8,106.6,0.5253198770491805,-0.6437479123145838,-0.14324789226164064,-0.5578407976857126
kshun-stokes,Kshun Stokes,SO,74,190,,,2021-22,Arkansas-Pine Bluff,SWAC,30.0,11.0,21.6,1.9,4.5,0.412,1.5,3.0,0.484,0.4,1.5,0.267,1.1,1.5,0.773,1.0,1.9,2.9,1.2,0.6,0.2,1.2,2.0,5.3,-4.58,10.0,0.504,0.456,0.331,0.324,168.0,5.0,11.1,7.9,11.5,1.7,1.1,18.2,15.2,0.4,0.0,0.4,0.023,-2.7,-3.5,-6.3,97.8,115.8,0.07181805555555555,-2.633619364408187,-0.07596878480954972,-1.7391312420060006
jason-strong,Jason Strong,RS JR,80,210,Yes,,2021-22,Northeastern,CAA,31.0,7.0,18.2,2.2,5.5,0.406,1.2,2.3,0.514,1.1,3.2,0.33,0.7,0.9,0.75,0.6,1.8,2.4,0.8,0.2,0.1,0.6,1.4,6.2,-1.19,13.0,0.524,0.503,0.588,0.165,181.0,4.4,12.5,8.5,9.5,0.6,0.8,8.9,19.4,0.9,0.3,1.2,0.086,0.3,-1.5,-1.2,108.2,110.0,0.21271605813541303,-1.5477970629852738,0.9405928738814191,2.3276550455958773
chase-thompson,Chase Thompson,FR,79,230,,,2021-22,Southeast Missouri State,OVC,25.0,2.0,10.3,0.8,2.0,0.38,0.5,1.0,0.48,0.3,1.0,0.28,0.6,1.0,0.667,0.2,0.9,1.1,0.5,0.3,0.1,0.3,1.4,2.4,-4.69,8.4,0.497,0.45,0.5,0.48,62.0,2.7,10.1,6.3,8.3,1.7,1.3,11.5,13.2,0.2,0.2,0.4,0.058,-1.9,-0.8,-2.7,104.0,109.6,0.11713786407766992,-2.1444037124147766,-0.3051600393624461,0.1731824568483722
kirshon-thrash,Kirshon Thrash,FR,75,215,,,2021-22,Presbyterian,Big South,24.0,0.0,14.1,1.2,3.6,0.333,0.9,2.0,0.438,0.3,1.6,0.205,0.4,0.6,0.643,0.5,1.0,1.5,0.6,0.7,0.0,0.5,1.3,3.1,-3.65,8.0,0.4,0.379,0.448,0.161,76.0,4.4,9.5,6.8,8.1,2.8,0.4,10.5,15.8,0.0,0.5,0.5,0.058,-6.3,-0.5,-6.8,91.1,101.5,0.10717671394799057,-2.2332762745756707,-0.18669207555663617,-1.1301797203607733
donnie-tillman,Donnie Tillman,SR,79,225,Yes,,2021-22,New Mexico State,WAC,21.0,7.0,19.4,2.2,5.0,0.442,1.5,3.0,0.5,0.7,2.0,0.357,1.3,2.1,0.636,1.5,1.9,3.4,1.0,0.3,0.1,1.2,1.6,6.4,1.24,13.8,0.54,0.514,0.404,0.423,140.0,9.6,10.6,10.1,10.3,1.0,0.9,16.7,18.6,0.7,0.6,1.3,0.128,1.2,0.1,1.3,108.9,99.8,0.20075773195876287,-1.6056564115357537,1.2980293587237688,2.2953036930985746
taryn-todd,Taryn Todd,RS FR,77,180,,,2021-22,New Mexico,MWC,29.0,13.0,15.0,1.3,3.4,0.39,1.1,2.4,0.451,0.2,1.0,0.241,1.3,1.7,0.755,0.7,1.5,2.2,0.7,0.8,0.5,0.7,1.9,4.2,4.32,13.0,0.495,0.425,0.29,0.49,129.0,5.1,11.6,8.3,8.7,2.8,3.6,14.0,16.4,0.4,0.5,0.9,0.085,-0.2,1.8,1.5,102.0,103.6,0.06163505747126436,-2.7865244555338164,2.3777634058093478,1.5694895778420224
sekou-toure,Sékou Touré,JR,77,195,Yes,,2021-22,UCSB,Big West,28.0,3.0,10.8,1.0,2.0,0.482,0.9,1.5,0.61,0.1,0.5,0.133,0.5,1.0,0.519,0.5,1.9,2.5,0.8,0.2,0.1,0.7,1.3,2.5,-4.39,10.4,0.509,0.5,0.268,0.482,80.0,6.5,21.0,14.2,13.3,1.2,0.7,22.5,15.5,0.2,0.5,0.7,0.095,-2.4,0.6,-1.8,97.5,97.0,0.02377199074074074,-3.739247250980544,-0.7883701346074212,-2.5143250176728236
malcolm-townsel,Malcolm Townsel,JR,77,205,Yes,,2021-22,Holy Cross,Patriot,21.0,7.0,18.4,1.7,3.0,0.581,1.4,2.3,0.625,0.3,0.7,0.429,1.1,1.6,0.676,0.7,0.7,1.3,0.4,0.3,0.1,0.8,1.7,4.8,-7.87,11.0,0.646,0.629,0.226,0.548,94.0,4.0,4.4,4.2,4.1,1.1,0.8,17.0,12.5,0.6,0.2,0.8,0.081,-3.0,-2.8,-5.7,116.5,111.0,0.08844239130434782,-2.425403884638985,-1.1393707576688952,-1.5998062552213383
christian-tucker,Christian Tucker,FR,75,170,,,2021-22,UTSA,CUSA,25.0,6.0,15.3,1.0,3.2,0.296,0.8,2.0,0.373,0.2,1.2,0.167,1.3,1.7,0.767,0.2,1.6,1.7,1.2,0.4,0.3,1.2,1.2,3.4,-1.49,6.4,0.424,0.327,0.37,0.531,90.0,1.0,11.9,6.0,13.6,1.6,2.1,22.2,16.4,-0.2,0.4,0.2,0.017,-4.9,0.0,-4.9,82.2,104.7,0.05840415686274509,-2.840368212524478,0.5668197708520929,-0.9614305906845311
jovan-tucker,Jovan Tucker,FR,75,175,,,2021-22,Mercer,Southern,29.0,2.0,13.8,0.8,2.2,0.381,0.6,1.5,0.386,0.2,0.7,0.368,0.2,0.3,0.5,0.4,1.0,1.4,0.7,0.6,0.1,0.8,1.1,2.1,-1.15,5.8,0.443,0.437,0.302,0.159,69.0,3.9,8.9,6.5,8.9,2.4,0.6,24.5,12.1,-0.2,0.3,0.1,0.012,-3.9,-0.4,-4.3,83.6,108.6,0.07102988505747124,-2.6446545741988263,0.8343387024930042,-0.5053964907552907
isaiah-turner,Isaiah Turner,SO,81,240,,,2021-22,Middle Tennessee,CUSA,7.0,0.0,11.7,2.7,5.6,0.487,1.9,2.3,0.813,0.9,3.3,0.261,0.4,0.9,0.5,0.9,1.1,2.0,0.4,0.4,0.4,1.1,2.1,6.7,-1.16,20.0,0.562,0.564,0.59,0.154,41.0,8.8,11.3,10.1,9.0,2.1,4.3,16.0,31.0,0.1,0.1,0.3,0.132,-2.9,-3.2,-6.1,101.5,98.2,1.1439304945054944,0.1344701345607109,-0.3743361070295861,2.9671750142600253
shaquille-walters,Shaquille Walters,RS JR,78,200,Yes,,2021-22,Northeastern,CAA,26.0,23.0,33.9,3.9,9.5,0.411,2.6,5.3,0.493,1.3,4.2,0.309,1.9,2.7,0.725,0.2,4.1,4.3,2.4,0.7,0.2,3.5,2.6,11.1,-1.19,8.8,0.513,0.48,0.444,0.278,279.0,0.6,15.6,8.2,15.8,1.3,0.5,24.5,23.0,-0.3,0.7,0.4,0.016,-3.8,-1.2,-5.0,86.7,107.8,0.18467956092579985,-1.689133058832639,1.4095264389907451,1.9923378575511141
michael-wang,Michael Wang,JR,82,230,Yes,,2021-22,Penn,Ivy,8.0,3.0,15.0,2.9,7.1,0.404,2.6,5.0,0.525,0.3,2.1,0.118,0.4,0.6,0.6,0.9,1.3,2.1,1.3,0.0,0.1,1.0,1.4,6.4,-0.5,11.1,0.429,0.421,0.298,0.088,52.0,6.7,9.4,8.1,17.7,0.0,0.9,11.9,28.8,0.0,0.0,0.0,0.002,-2.0,-4.7,-6.7,90.2,115.4,0.22973125,-1.4708451315227913,1.1122552307587172,3.241552177402961
brian-white,Brian White,JR,66,160,,,2021-22,Northwestern State,Southland,31.0,28.0,23.4,2.5,5.3,0.472,1.7,3.5,0.491,0.7,1.7,0.434,0.6,0.9,0.679,0.2,0.9,1.1,3.5,1.0,0.1,1.8,1.4,6.3,-3.2,11.9,0.556,0.543,0.325,0.172,221.0,1.0,4.2,2.6,25.4,2.4,0.3,24.4,15.3,0.7,0.1,0.8,0.046,-2.2,-2.6,-4.8,102.6,114.2,0.11955940170940171,-2.1239419456822852,0.36591397827298955,-3.4787700490246714
myja-white,Myja White,RS SO,73,185,,,2021-22,Miami (OH),MAC,30.0,25.0,22.4,1.5,4.0,0.38,0.7,1.6,0.426,0.9,2.5,0.351,0.3,0.3,0.8,0.3,1.4,1.7,0.9,0.3,0.1,0.7,1.6,4.2,-4.14,6.0,0.501,0.488,0.612,0.083,121.0,1.3,7.4,4.3,6.4,0.7,0.7,13.7,11.0,0.3,0.2,0.5,0.031,-3.7,-2.0,-5.7,99.3,112.6,0.15251785714285712,-1.8804735937711392,0.1129309629822523,-1.1588434879371567
jaron-williams,Jaron Williams,JR,78,210,,,2021-22,Robert Morris,Horizon,28.0,17.0,26.5,2.7,6.4,0.419,2.0,3.8,0.533,0.7,2.6,0.257,0.9,1.4,0.65,0.7,2.1,2.8,1.2,0.6,0.3,1.6,2.0,7.0,-5.47,8.5,0.492,0.472,0.413,0.223,190.0,3.3,9.2,6.4,8.3,1.4,1.0,18.2,17.0,0.2,0.1,0.3,0.015,-3.6,-2.5,-6.1,92.7,114.1,0.10795212264150944,-2.226067459023259,-0.3224215742349773,-0.25679577277148935
rashun-williams,Rashun Williams,JR,79,220,,,2021-22,Radford,Big South,28.0,19.0,26.5,3.5,9.1,0.387,1.9,4.0,0.477,1.6,5.2,0.317,1.1,1.5,0.732,1.3,3.3,4.6,1.0,0.4,0.5,1.3,2.1,9.8,-3.9,13.8,0.497,0.477,0.566,0.16,257.0,5.6,16.3,10.7,8.7,0.8,2.2,11.3,22.2,0.9,0.8,1.7,0.09,0.5,-1.5,-1.1,101.5,104.5,0.2663099056603774,-1.323094589481253,0.4828381516266511,1.7522815074971836
shaun-williams,Shaun Williams,RS SO,75,175,Yes,,2021-22,Cal State Bakersfield,Big West,11.0,6.0,17.5,2.5,7.3,0.35,1.5,4.4,0.354,1.0,2.9,0.344,0.5,0.8,0.667,0.4,2.2,2.5,1.9,1.1,0.1,1.6,1.8,6.6,-2.01,12.6,0.433,0.419,0.4,0.113,74.0,2.3,16.2,8.8,23.6,3.8,0.7,17.6,27.5,-0.1,0.3,0.3,0.056,-5.1,0.4,-4.7,88.0,98.3,0.586251948051948,-0.5340056363240592,-0.29310981270058073,0.4001729437710604
alec-woodard,Alec Woodard,SO,74,200,Yes,,2021-22,Austin Peay,OVC,24.0,13.0,19.7,1.6,4.5,0.364,0.8,1.6,0.487,0.8,2.8,0.294,0.6,0.9,0.714,0.9,2.2,3.0,1.8,0.8,0.1,1.0,2.3,4.7,-3.39,11.1,0.483,0.458,0.636,0.196,125.0,5.0,14.0,9.3,18.3,2.3,0.8,17.0,15.6,0.4,0.6,1.0,0.081,-3.1,0.3,-2.8,100.9,103.4,0.19983667512690353,-1.6102548704189,0.21532478240179218,-0.46211316701309707
michael-wynn,Michael Wynn,JR,78,210,,,2021-22,Akron,MAC,23.0,0.0,10.4,1.0,2.0,0.468,0.7,1.3,0.586,0.2,0.8,0.278,0.3,0.6,0.538,0.5,1.2,1.7,0.5,0.6,0.3,0.6,2.0,2.4,-3.93,12.4,0.527,0.521,0.383,0.277,59.0,6.3,13.9,10.2,9.0,3.7,3.3,19.6,15.0,0.2,0.5,0.7,0.121,-3.7,3.3,-0.4,101.6,93.3,0.10022876254180604,-2.3003000802072893,-0.9630722223922137,-0.9689487198727903
brandon-younger,Brandon Younger,JR,79,190,,,2021-22,Presbyterian,Big South,32.0,18.0,19.9,2.1,5.1,0.42,1.3,2.3,0.581,0.8,2.8,0.284,0.7,1.0,0.688,1.0,1.9,2.9,0.4,1.0,0.4,0.9,1.9,5.7,-3.65,12.8,0.516,0.497,0.543,0.198,168.0,5.8,12.6,8.9,4.5,3.0,2.4,14.5,16.6,0.6,1.0,1.6,0.1,-2.3,0.5,-1.8,102.0,99.0,0.14351187185929645,-1.9413375164776545,0.42058820508772277,1.0945279955303353
vito-cubrilo,Vito Čubrilo,SO,76,195,Yes,,2021-22,Northeastern,CAA,16.0,7.0,13.8,1.1,2.6,0.439,0.6,0.9,0.643,0.6,1.7,0.333,0.3,0.3,0.8,0.2,0.8,0.9,0.4,0.4,0.1,0.9,1.1,3.1,-1.19,6.7,0.565,0.549,0.659,0.122,45.0,1.8,7.0,4.4,6.5,1.9,0.5,25.7,14.4,0.0,0.1,0.1,0.026,-4.2,0.4,-3.8,89.7,108.9,0.2829218070652174,-1.2625847196397175,0.520328837858987,0.8458866972487291
